EmployeeID,EmpFirstName,EmpLastName,EmpTitle
1,Bobby,Campbell,Software Engineer
2,Bridget,White,HR Specialist
3,Jeffrey,Morse,Project Manager
4,Anthony,Stanley,Project Manager
5,Jason,Lopez,Marketing Coordinator
6,Matthew,Sampson,Marketing Coordinator
7,Molly,Atkins,Project Manager
8,Rachel,Davis,Data Analyst
9,Margaret,Lin,Data Analyst
10,Sara,Cooper,Marketing Coordinator
11,Michael,Wiley,Software Engineer
12,Stephanie,Khan,Data Analyst
13,Stephanie,Ramos,Marketing Coordinator
14,Joel,Anderson,Software Engineer
15,Darryl,Hill,Marketing Coordinator
16,Victoria,Phillips,Marketing Coordinator
17,Kenneth,Jimenez,Project Manager
18,Aaron,Duncan,Project Manager
19,Lawrence,Woodward,Software Engineer
20,Hayden,Williamson,Software Engineer
21,Raymond,Rice,Project Manager
22,Michael,Ross,HR Specialist
23,Jacob,Harris,Project Manager
24,Seth,Monroe,Marketing Coordinator
25,Daniel,Johnson,Data Analyst
26,Lisa,Smith,Project Manager
27,James,Oliver,Data Analyst
28,Anna,Mason,Project Manager
29,Tyler,Thompson,Project Manager
30,Kathy,Garrett,HR Specialist
31,Colleen,Romero,Marketing Coordinator
32,Lisa,Williams,HR Specialist
33,Douglas,Mckinney,Marketing Coordinator
34,Anna,Skinner,Data Analyst
35,Pedro,Fisher,Data Analyst
36,Kim,Rodriguez,HR Specialist
37,Dawn,Oconnell,Project Manager
38,Charles,Hardy,Project Manager
39,Madison,Johnson,Project Manager
40,Austin,Melton,HR Specialist
41,Jerry,Johnson,HR Specialist
42,Frances,Santos,HR Specialist
43,Emily,Williams,Software Engineer
44,Jeffery,Garcia,Project Manager
45,James,Hodges,HR Specialist
46,Jasmine,Chavez,Data Analyst
47,Heather,Trujillo,Software Engineer
48,Linda,Brooks,Software Engineer
49,Michael,Torres,Software Engineer
50,Kayla,Johnson,Software Engineer
51,Annette,Brown,Marketing Coordinator
52,Donna,Brooks,Software Engineer
53,Bryan,Perez,Marketing Coordinator
54,Michael,Waters,Marketing Coordinator
55,Jeremy,Griffin,HR Specialist
56,Virginia,Floyd,Project Manager
57,Tyler,Norton,HR Specialist
58,Joshua,Lee,Marketing Coordinator
59,Kimberly,Jones,HR Specialist
60,Nicole,Allen,Marketing Coordinator
61,Paul,Carlson,Marketing Coordinator
62,Julia,Alvarez,Marketing Coordinator
63,Nicholas,Mcintosh,Project Manager
64,Crystal,Johnson,Project Manager
65,Robert,Cummings,Software Engineer
66,Deborah,Garner,Software Engineer
67,Brian,Benson,Marketing Coordinator
68,Samuel,Sellers,HR Specialist
69,Charlene,Johnson,Project Manager
70,Janice,Rodriguez,Project Manager
71,Caitlin,Lowe,Data Analyst
72,Andrea,Thompson,Software Engineer
73,Robert,Johnson,Project Manager
74,Jennifer,Tucker,Project Manager
75,Clarence,Stephens,Data Analyst
76,Nicole,Hanna,Data Analyst
77,Erica,Collins,Data Analyst
78,Amanda,Lutz,Data Analyst
79,Christopher,Bautista,Project Manager
80,Mary,Ponce,Marketing Coordinator
81,Terri,Porter,Data Analyst
82,Daniel,Brooks,Project Manager
83,Joseph,Ford,HR Specialist
84,Ashley,Smith,Project Manager
85,Mary,Hayden,Software Engineer
86,Toni,Morales,Data Analyst
87,Elijah,Hansen,Marketing Coordinator
88,Kathryn,Page,Marketing Coordinator
89,Robert,Jensen,Project Manager
90,Matthew,Crosby,Data Analyst
91,Shawn,Hess,Software Engineer
92,Victor,Brewer,Project Manager
93,Keith,Adams,HR Specialist
94,Kelly,Lee,Data Analyst
95,Hannah,Smith,Software Engineer
96,Brad,Adkins,Marketing Coordinator
97,Bryan,Townsend,HR Specialist
98,Danielle,Sharp,Data Analyst
99,Thomas,Wolf,Marketing Coordinator
100,Donna,Johnson,Software Engineer