EmployeeID,EmpFirstName,EmpLastName,Salary
1,Bobby,Campbell,9000
2,Bridget,White,6000
3,Jeffrey,Morse,8000
4,Anthony,Stanley,8000
5,Jason,Lopez,5000
6,Matthew,Sampson,8000
7,Molly,Atkins,7000
8,Rachel,Davis,6000
9,Margaret,Lin,5000
10,Sara,Cooper,7000
11,Michael,Wiley,9000
12,Stephanie,Khan,8000
13,Stephanie,Ramos,9000
14,Joel,Anderson,8000
15,Darryl,Hill,7000
16,Victoria,Phillips,8000
17,Kenneth,Jimenez,5000
18,Aaron,Duncan,8000
19,Lawrence,Woodward,5000
20,Hayden,Williamson,6000
21,Raymond,Rice,5000
22,Michael,Ross,7000
23,Jacob,Harris,8000
24,Seth,Monroe,5000
25,Daniel,Johnson,9000
26,Lisa,Smith,7000
27,James,Oliver,7000
28,Anna,Mason,8000
29,Tyler,Thompson,9000
30,Kathy,Garrett,7000
31,Colleen,Romero,7000
32,Lisa,Williams,6000
33,Douglas,Mckinney,7000
34,Anna,Skinner,6000
35,Pedro,Fisher,5000
36,Kim,Rodriguez,5000
37,Dawn,Oconnell,9000
38,Charles,Hardy,6000
39,Madison,Johnson,9000
40,Austin,Melton,7000
41,Jerry,Johnson,6000
42,Frances,Santos,8000
43,Emily,Williams,9000
44,Jeffery,Garcia,8000
45,James,Hodges,5000
46,Jasmine,Chavez,6000
47,Heather,Trujillo,7000
48,Linda,Brooks,7000
49,Michael,Torres,9000
50,Kayla,Johnson,9000
51,Annette,Brown,7000
52,Donna,Brooks,6000
53,Bryan,Perez,9000
54,Michael,Waters,6000
55,Jeremy,Griffin,5000
56,Virginia,Floyd,5000
57,Tyler,Norton,7000
58,Joshua,Lee,5000
59,Kimberly,Jones,6000
60,Nicole,Allen,5000
61,Paul,Carlson,5000
62,Julia,Alvarez,8000
63,Nicholas,Mcintosh,5000
64,Crystal,Johnson,9000
65,Robert,Cummings,6000
66,Deborah,Garner,9000
67,Brian,Benson,8000
68,Samuel,Sellers,7000
69,Charlene,Johnson,8000
70,Janice,Rodriguez,9000
71,Caitlin,Lowe,6000
72,Andrea,Thompson,9000
73,Robert,Johnson,7000
74,Jennifer,Tucker,9000
75,Clarence,Stephens,5000
76,Nicole,Hanna,6000
77,Erica,Collins,7000
78,Amanda,Lutz,6000
79,Christopher,Bautista,7000
80,Mary,Ponce,9000
81,Terri,Porter,5000
82,Daniel,Brooks,6000
83,Joseph,Ford,5000
84,Ashley,Smith,8000
85,Mary,Hayden,9000
86,Toni,Morales,8000
87,Elijah,Hansen,9000
88,Kathryn,Page,9000
89,Robert,Jensen,7000
90,Matthew,Crosby,7000
91,Shawn,Hess,7000
92,Victor,Brewer,7000
93,Keith,Adams,5000
94,Kelly,Lee,6000
95,Hannah,Smith,5000
96,Brad,Adkins,8000
97,Bryan,Townsend,5000
98,Danielle,Sharp,9000
99,Thomas,Wolf,5000
100,Donna,Johnson,6000